SID, Assignments, Midterm, Final Exam
100100100,75.0,68.0,66.662506
100100101,70.0,69.25,65.037506
100100102,100.0,97.0,96.774994
100100103,90.0,88.5,84.012505
100100104,72.25,74.75,69.875
100100105,85.0,56.0,66.325005
100100106,70.0,66.5,66.3625
100100107,55.0,47.0,50.275
100100108,40.0,32.5,33.5625
100100109,82.5,77.0,77.962494
100100110,90.0,73.0,78.9
