SID, Assignments, Midterm, Final Exam
100100100,75.0,68.0,68.731255
100100101,70.0,69.25,67.293755
100100102,100.0,97.0,97.487495
100100103,90.0,88.5,86.55626
100100104,72.25,74.75,71.8125
100100105,85.0,56.0,66.96251
100100106,70.0,66.5,67.131256
100100107,55.0,47.0,50.237503
100100108,40.0,32.5,34.53125
100100109,82.5,77.0,78.581245
100100110,90.0,73.0,79.350006
100748071,90.4,88.75,82.955
100100111,78.4,94.2,75.015
